{"cameraMode":{"drawMode":0,"name":"Shaded","section":"Shading Mode"},"sceneLighting":true,"audioPlay":false,"sceneViewState":{"m_AlwaysRefresh":false,"showFog":true,"showSkybox":true,"showFlares":true,"showImageEffects":true,"showParticleSystems":true,"showVisualEffectGraphs":true,"m_FxEnabled":true},"in2DMode":false,"pivot":{"x":-1.2093329429626465,"y":0.0012042522430419922,"z":1.9825658798217774},"rotation":{"x":-0.10628221929073334,"y":0.8501161336898804,"z":-0.18814793229103089,"w":-0.48021748661994936},"size":3.21211314201355,"orthographic":false}