{"cameraMode":{"drawMode":0,"name":"Shaded","section":"Shading Mode"},"sceneLighting":true,"audioPlay":false,"sceneViewState":{"m_AlwaysRefresh":false,"showFog":true,"showSkybox":true,"showFlares":true,"showImageEffects":true,"showParticleSystems":true,"showVisualEffectGraphs":true,"m_FxEnabled":true},"in2DMode":false,"pivot":{"x":15.65786075592041,"y":35.651363372802737,"z":5.284703731536865},"rotation":{"x":-0.45837467908859255,"y":0.4352100193500519,"z":-0.27569136023521426,"w":-0.7243955135345459},"size":0.07434716820716858,"orthographic":false}