{"cameraMode":{"drawMode":0,"name":"Shaded","section":"Shading Mode"},"sceneLighting":true,"audioPlay":false,"sceneViewState":{"m_AlwaysRefresh":false,"showFog":true,"showSkybox":true,"showFlares":true,"showImageEffects":true,"showParticleSystems":true,"showVisualEffectGraphs":true,"m_FxEnabled":true},"in2DMode":false,"pivot":{"x":-3.63423752784729,"y":13.367888450622559,"z":-6.6712117195129398},"rotation":{"x":0.36073943972587588,"y":0.39556729793548586,"z":-0.17249473929405213,"w":0.8270013928413391},"size":0.7040249109268189,"orthographic":false}